Marker names ,Sorghum LG,Position on Sorghum LG (bp)
TP5489,1,4560204
TP13305,1,4584260
TP18261,1,2911329
TP18674,1,387849
TP19030,1,7576879
TP26698,1,6972841
TP28405,1,7182894
TP28602,1,5091743
TP28986,1,3581699
TP31810,1,212262
TP34632,1,2494672
TP34939,1,4227898
TP35570,1,1043810
TP40349,1,4990077
TP42765,1,7995736
TP44016,1,2811058
TP44017,1,2811058
TP44690,1,6548460
TP45175,1,4192
TP45249,1,7347962
TP49833,1,3071325
TP53071,1,1205575
TP53977,1,7608965
TP54034,1,7660041
TP57018,1,6365439
TP57166,1,2542270
TP59728,1,3697488
TP65461,1,4901072
TP67656,1,6338906
TP68127,1,2590159
TP71603,1,5316957
TP72359,1,1893817
TP75786,1,2911264
TP77021,1,2041927
TP84318,1,2428396
TP86365,1,4714648
TP92805,1,1892914
TP93620,1,3697552
TP94873,1,2414510
TP103620,1,745302
TP103857,1,7531646
TP110209,1,3037162
TP110401,1,3176653
TP110933,1,4682103
TP111737,1,1391861
TP115159,1,149851
TP116405,1,2554232
TP117010,1,6382765
TP119538,1,3094360
TP120250,1,7355092
